Trip_Distance_km,Time_of_Day,Day_of_Week,Passenger_Count,Traffic_Conditions,Weather,Base_Fare,Per_Km_Rate,Per_Minute_Rate,Trip_Duration_Minutes
19.35,1,1,3.0,1,1,3.56,0.8,0.32,53.82
47.59,2,1,1.0,3,1,2.7,0.62,0.43,40.57
36.87,3,2,1.0,3,1,2.7,1.21,0.15,37.27
30.33,3,1,4.0,1,1,3.48,0.51,0.15,116.81
8.64,3,1,3.0,3,1,2.93,0.63,0.32,22.64
8.64,2,2,2.0,2,1,2.55,1.71,0.48,89.33
3.85,2,1,4.0,3,2,3.51,1.66,0.23,5.05
43.44,3,2,3.0,3,1,2.97,1.87,0.23,110.33
30.45,1,1,3.0,3,1,2.77,1.78,0.34,110.33
35.7,2,1,2.0,1,2,3.39,1.52,0.47,26.34
48.53,1,1,4.0,1,1,2.4,0.58,0.43,26.34
48.53,4,1,3.0,1,1,4.78,1.77,0.5,79.94
41.79,4,2,3.0,3,1,4.6,1.77,0.11,86.95
11.4,1,1,3.0,3,1,4.12,1.26,0.15,84.12
9.91,3,1,2.0,3,1,2.32,1.26,0.34,41.72
9.99,4,1,4.0,3,1,4.33,0.85,0.43,34.0
15.91,1,1,4.0,1,1,4.42,1.77,0.21,114.93
26.71,2,2,4.0,1,2,4.3,1.59,0.2,111.18
22.17,4,2,4.0,1,1,2.34,1.97,0.41,57.59
15.27,1,2,1.0,1,1,3.93,0.73,0.12,57.02
30.98,2,2,1.0,1,2,4.5,0.84,0.25,57.02
7.84,1,1,4.0,2,2,3.73,0.82,0.3,53.8
105.94355003672597,4,2,2.0,1,2,3.94,1.69,0.32,23.03
18.95,4,1,1.0,1,1,3.38,0.78,0.39,54.04
23.35,4,1,3.0,1,2,3.59,0.6,0.24,66.8
39.47,2,1,1.0,1,1,3.92,0.54,0.35,7.59
10.78,3,2,3.0,3,2,3.92,0.54,0.33,56.07
138.09832791310237,3,2,4.0,2,2,2.24,1.75,0.32,94.86
30.03,3,1,1.0,3,1,3.31,1.05,0.36,83.21
3.28,3,1,2.0,2,1,2.88,1.76,0.2,78.04
30.77,1,1,1.0,1,1,3.64,1.33,0.13,109.6
9.36,2,1,1.0,2,1,2.4,1.85,0.15,7.07
4.19,1,1,1.0,1,1,4.07,1.89,0.19,69.06
47.5,1,2,2.0,1,1,4.39,0.51,0.3,95.55
48.32,1,1,2.0,1,1,2.49,0.61,0.44,67.25
40.61,2,1,1.0,1,1,2.31,0.88,0.38,42.25
15.93,2,1,2.0,1,1,2.44,1.5,0.42,20.67
5.79,3,1,4.0,1,1,4.63,1.83,0.24,107.07
34.53,1,1,3.0,2,1,3.58,1.41,0.26,59.14
22.57,2,1,1.0,1,1,3.4,1.41,0.18,105.98
6.98,2,2,2.0,1,1,2.32,0.78,0.18,72.37
25.26,3,1,2.0,3,1,3.95,1.71,0.12,82.53
2.69,2,1,4.0,1,1,4.6,1.95,0.34,97.49
45.56,2,1,3.0,1,1,3.88,0.9,0.5,80.8
13.68,3,2,3.0,3,1,3.88,0.63,0.17,50.78
33.46,2,2,2.0,1,2,2.23,0.63,0.12,64.07
16.27,1,1,1.0,1,1,2.34,1.25,0.41,97.35
26.48,1,2,3.0,2,1,2.15,1.25,0.2,47.97
27.79,3,1,2.0,1,1,2.77,0.72,0.43,49.63
10.06,1,1,2.0,2,2,2.41,1.16,0.38,16.0
48.51,3,1,3.0,3,2,3.16,1.0,0.48,110.18
38.98,2,1,3.0,1,1,3.16,1.28,0.26,15.47
47.04,4,1,4.0,2,2,4.83,1.38,0.36,79.54
44.85,3,2,1.0,2,2,3.83,0.51,0.29,52.52
30.3,4,2,1.0,1,1,4.5,1.64,0.35,51.65
46.17,2,1,4.0,2,1,4.13,1.57,0.28,83.15
5.34,2,1,2.0,1,1,2.34,1.63,0.18,12.72
10.6,2,1,3.0,2,1,4.21,1.63,0.3,73.28
3.22,2,1,3.0,1,2,2.83,1.63,0.31,93.78
16.94,2,1,3.0,2,3,3.92,1.93,0.42,100.24
20.05,3,1,2.0,1,1,3.02,0.86,0.39,24.61
14.3,4,1,3.0,3,1,4.99,0.99,0.37,108.2
41.61,3,2,3.0,1,2,2.79,0.78,0.15,106.41
18.48,2,1,4.0,2,1,2.84,1.37,0.39,106.41
146.0670471598387,2,1,2.0,2,1,4.79,0.73,0.3,60.81
27.59,3,2,1.0,2,2,2.07,1.03,0.46,67.33
7.91,1,1,4.0,2,1,4.09,1.55,0.47,110.69
40.31,1,1,4.0,2,1,4.18,1.34,0.12,108.49
4.65,2,1,1.0,2,2,4.51,1.08,0.43,56.54
49.36,1,2,4.0,3,2,4.92,1.13,0.12,36.56
38.84,1,2,2.0,1,1,4.93,1.34,0.25,50.21
10.74,1,1,3.0,2,1,2.2,0.51,0.32,49.59
1.27,1,1,2.0,3,1,4.47,0.62,0.16,37.99
40.96,1,2,1.0,3,2,3.94,1.82,0.4,35.89
35.64,4,2,1.0,3,2,3.94,0.62,0.1,104.02
36.72,2,2,2.0,1,1,2.39,1.56,0.17,13.03
38.79,2,1,2.0,1,1,3.95,1.88,0.33,82.93
4.63,2,1,1.0,2,1,4.95,0.91,0.39,24.87
18.56,1,2,1.0,2,3,4.74,1.35,0.47,44.62
6.68,4,2,2.0,2,1,3.32,1.35,0.38,12.08
43.29,3,1,1.0,2,2,2.12,1.82,0.37,36.05
31.54,1,1,2.0,3,1,3.09,1.91,0.26,93.37
17.21,2,1,2.0,1,2,4.48,1.61,0.1,106.78
4.11,3,2,2.0,3,2,4.1,0.63,0.15,30.48
16.93,4,1,1.0,2,1,3.38,1.5,0.31,58.31
16.93,2,1,4.0,1,3,2.17,1.12,0.37,59.09
36.75,2,1,2.0,2,1,3.28,1.21,0.27,105.46
44.47,4,1,1.0,2,1,3.41,0.57,0.39,92.72
44.47,4,2,1.0,1,1,4.79,0.79,0.31,64.0
24.14,1,1,2.0,1,1,3.92,1.69,0.18,82.14
6.86,4,2,2.0,3,1,2.93,1.18,0.18,102.45
35.95,2,2,4.0,1,1,3.58,0.95,0.44,6.1
38.28,2,1,1.0,2,1,4.92,1.08,0.39,51.33
28.5,2,1,1.0,2,1,4.92,1.78,0.46,109.33
38.78,1,1,3.0,2,1,3.08,1.62,0.15,90.14
26.61,1,2,1.0,2,1,3.43,0.91,0.5,67.43
26.61,1,1,4.0,1,2,3.07,0.68,0.18,65.91
21.95,1,1,3.0,2,1,4.05,0.88,0.1,44.99
2.25,3,2,3.0,1,1,3.99,1.88,0.5,80.37
6.29,2,1,3.0,1,1,4.15,1.37,0.21,80.37
2.54,1,2,2.0,1,1,2.8,1.3,0.37,53.11
32.18,4,1,2.0,2,2,2.95,1.39,0.17,87.13
16.4,3,1,1.0,1,2,2.38,1.05,0.33,104.04
25.92,4,1,3.0,1,1,3.97,1.71,0.46,22.79
45.47,4,2,4.0,1,2,2.12,1.28,0.23,56.93
13.22,1,1,2.0,1,2,3.79,0.68,0.37,51.92
21.11,2,2,4.0,3,2,4.61,0.69,0.18,84.06
38.02,3,1,4.0,3,1,3.35,1.31,0.35,33.73
112.8309582902826,2,1,2.0,3,3,3.35,1.9,0.23,78.63
4.77,1,2,2.0,3,1,2.23,0.96,0.18,105.91
102.74755620694734,3,1,2.0,2,1,2.23,1.8,0.23,53.09
46.56,1,1,2.0,1,1,4.01,1.65,0.17,109.77
46.56,1,1,3.0,1,1,4.46,0.87,0.46,119.21
40.6,2,2,3.0,2,1,2.73,0.55,0.26,17.2
32.04,2,1,3.0,1,1,3.26,0.65,0.2,31.8
43.7,1,1,3.0,1,1,4.52,1.59,0.28,114.29
40.38,1,1,1.0,2,2,2.73,0.8,0.23,115.21
10.14,3,1,3.0,3,2,2.73,1.06,0.4,16.24
44.74,1,1,2.0,2,1,3.65,1.25,0.49,6.72
27.43,1,2,4.0,1,2,2.58,1.59,0.28,23.53
40.56,3,2,3.0,2,2,2.31,0.67,0.44,119.54
44.91,4,1,1.0,1,2,4.73,1.11,0.33,25.7
16.58,3,1,2.0,1,1,4.46,1.23,0.16,62.79
6.39,3,1,4.0,3,1,4.28,1.31,0.38,102.57
12.17,2,2,4.0,1,2,2.15,1.73,0.31,7.35
21.93,2,1,3.0,1,1,4.53,0.76,0.46,74.52
41.08,1,1,4.0,1,1,3.31,1.71,0.46,36.86
43.18,2,1,3.0,3,1,3.03,1.54,0.46,104.17
1.34,1,2,3.0,2,1,3.64,1.33,0.46,37.6
26.03,1,1,2.0,2,1,2.27,1.55,0.4,83.98
21.45,3,1,2.0,2,1,4.27,1.12,0.3,82.54
11.88,2,1,1.0,2,2,3.75,0.71,0.34,30.47
6.87,1,1,2.0,2,2,2.56,1.5,0.23,9.0
17.54,1,1,2.0,1,2,2.56,1.29,0.49,52.06
16.84,2,2,3.0,1,1,2.55,1.46,0.37,38.26
16.84,1,2,2.0,2,3,2.17,1.01,0.12,98.03
26.42,3,1,3.0,3,1,3.76,1.86,0.23,97.04
18.82,2,1,3.0,1,1,4.52,1.38,0.35,57.56
18.82,2,1,2.0,1,2,2.05,0.63,0.12,74.75
48.62,2,2,1.0,1,2,2.15,1.17,0.11,74.49
48.16,2,2,1.0,3,2,3.72,1.63,0.28,100.12
109.61608204688008,2,1,4.0,3,1,4.46,1.69,0.23,53.88
15.74,2,2,4.0,2,2,2.98,1.24,0.28,36.68
15.74,2,1,2.0,2,1,3.05,1.84,0.21,35.48
14.96,1,1,1.0,2,2,3.79,0.9,0.17,66.66
2.81,3,2,3.0,1,2,2.82,1.12,0.38,56.65
30.87,3,1,4.0,2,1,2.08,1.85,0.31,55.61
25.63,2,1,3.0,2,1,4.21,1.53,0.18,15.48
3.52,3,1,4.0,2,2,3.88,1.53,0.23,87.64
14.65,3,2,2.0,3,1,3.74,1.79,0.13,29.58
45.51,3,1,1.0,2,1,4.23,0.63,0.13,27.65
12.74,3,1,4.0,1,2,4.03,1.8,0.16,52.47
8.1,2,2,1.0,3,1,2.62,0.98,0.13,31.19
24.98,2,2,3.0,1,2,3.06,0.77,0.42,72.14
49.3,2,1,2.0,1,1,2.38,0.86,0.4,47.72
12.86,3,1,1.0,1,1,2.39,1.13,0.4,56.62
33.93,1,1,2.0,1,2,4.58,0.88,0.39,66.77
38.32,3,1,1.0,2,1,4.58,0.98,0.37,28.41
12.64,3,1,3.0,2,1,3.89,0.7,0.29,22.91
36.68,3,2,3.0,3,2,3.89,0.94,0.36,106.25
19.02,3,1,2.0,2,1,2.55,1.36,0.12,54.88
31.98,1,1,3.0,2,1,2.32,1.16,0.35,52.39
32.04,3,1,4.0,1,1,4.44,1.02,0.41,9.1
27.25,3,2,1.0,1,2,3.74,1.62,0.3,68.73
5.42,1,1,3.0,2,2,3.85,1.84,0.24,68.73
41.93,3,2,4.0,2,2,4.34,1.64,0.21,69.27
10.14,3,1,2.0,3,1,4.11,1.0,0.36,86.31
10.14,2,1,4.0,1,2,4.5,1.62,0.38,25.41
3.0,1,1,2.0,1,1,2.17,0.73,0.45,34.01
29.95,1,1,2.0,2,1,4.24,0.7,0.24,98.23
34.2,4,1,1.0,1,1,4.55,1.02,0.41,113.92
1.81,4,1,1.0,1,2,2.86,1.71,0.32,20.63
26.09,1,1,4.0,2,2,3.92,0.87,0.45,62.23
12.1,1,2,1.0,1,1,2.1,0.59,0.31,11.91
32.61,2,2,1.0,2,1,2.1,0.7,0.31,11.91
9.54,2,2,1.0,1,2,2.1,1.79,0.33,42.43
34.86,3,1,4.0,1,1,3.74,1.45,0.4,21.52
19.95,1,1,3.0,1,1,2.5,0.88,0.49,66.38
46.9,3,1,1.0,3,1,4.14,1.33,0.13,66.38
7.74,2,1,1.0,1,1,2.71,1.29,0.12,21.54
17.71,4,1,4.0,2,1,2.71,1.48,0.48,6.06
6.56,2,1,3.0,1,1,3.48,0.85,0.31,97.94
46.31,2,1,1.0,2,2,4.74,1.8,0.35,74.71
43.99,4,1,2.0,1,1,2.64,0.96,0.29,74.71
13.64,1,1,4.0,2,2,2.43,1.54,0.14,43.75
33.34,4,2,1.0,2,1,4.28,0.52,0.41,72.33
41.04,2,2,1.0,3,1,3.5,1.06,0.4,41.3
28.2,1,2,2.0,1,1,4.74,1.03,0.22,15.0
26.95,2,2,2.0,1,1,2.44,1.32,0.22,26.63
12.85,3,1,4.0,1,3,3.94,0.61,0.13,26.63
5.56,1,1,4.0,3,1,2.47,1.69,0.13,54.22
45.12,2,2,2.0,2,1,2.47,0.83,0.45,80.7
45.12,2,1,4.0,2,1,3.78,1.52,0.2,35.34
32.02,2,1,2.0,1,1,3.78,1.7,0.34,6.39
17.61,1,1,1.0,1,1,4.26,1.34,0.47,64.68
18.11,3,1,2.0,1,2,2.93,1.61,0.37,74.66
44.47,4,1,2.0,3,1,3.34,1.49,0.27,115.73
44.47,4,2,3.0,2,1,3.22,1.03,0.38,72.79
44.47,3,1,2.0,3,1,4.95,1.71,0.24,59.18
39.21,1,1,2.0,1,3,2.88,0.94,0.21,70.94
32.46,3,2,3.0,2,1,2.88,1.36,0.5,111.71
5.12,1,1,4.0,2,1,3.69,1.62,0.4,42.14
8.92,1,1,3.0,1,1,3.69,1.07,0.36,42.14
45.03,2,1,1.0,3,1,2.76,0.95,0.24,32.28
30.72,2,2,3.0,3,1,4.75,1.19,0.12,35.2
1.45,3,2,1.0,3,1,2.8,1.73,0.32,63.01
5.97,2,1,4.0,2,2,4.69,1.89,0.32,90.57
33.51,2,2,3.0,1,1,2.31,1.32,0.4,62.87
1.25,4,1,3.0,1,2,3.97,1.49,0.31,12.8
8.88,4,2,4.0,3,1,4.72,1.85,0.44,88.21
27.89,2,2,1.0,1,1,2.51,0.65,0.11,97.69
34.9,2,2,3.0,2,1,4.9,0.85,0.25,38.29
32.95,1,1,1.0,2,1,3.36,1.56,0.19,81.37
11.99,3,2,2.0,2,2,4.84,1.74,0.28,54.06
35.9,1,2,2.0,3,1,4.03,1.79,0.13,107.25
12.63,1,1,3.0,1,1,2.9,1.12,0.48,102.2
16.94,1,2,4.0,1,1,2.56,0.63,0.19,65.42
37.58,2,1,4.0,1,3,2.91,1.16,0.47,84.52
32.83,2,2,1.0,2,1,2.43,0.85,0.27,106.59
42.61,1,1,3.0,1,2,2.43,0.94,0.49,62.01
33.22,4,2,1.0,1,1,2.31,1.66,0.32,41.02
28.85,1,1,1.0,3,1,3.27,0.61,0.47,91.67
5.59,2,1,2.0,3,1,4.39,1.14,0.1,30.31
19.02,4,1,2.0,1,1,2.42,1.14,0.4,49.68
13.99,2,1,4.0,3,1,2.39,1.39,0.46,104.56
130.80900130744172,2,1,1.0,3,1,3.93,0.63,0.16,88.31
48.68,2,1,4.0,1,2,2.59,1.01,0.14,51.44
20.26,1,1,3.0,1,2,2.29,0.63,0.27,29.7
44.71,4,1,1.0,1,2,2.5,1.94,0.47,45.94
31.93,2,1,1.0,2,1,4.77,1.71,0.32,37.67
39.95,3,2,3.0,1,1,4.46,1.19,0.31,25.25
25.63,1,1,3.0,3,1,3.06,0.84,0.16,33.99
29.27,1,2,4.0,2,2,3.97,1.9,0.1,33.99
25.13,1,2,4.0,2,2,3.61,1.02,0.42,57.23
36.4,2,1,3.0,1,1,4.03,0.74,0.14,49.37
36.4,2,1,4.0,2,1,4.05,1.34,0.47,117.94
14.76,3,2,3.0,2,1,3.89,1.92,0.47,49.98
2.19,2,1,1.0,2,1,2.8,0.51,0.18,14.2
32.63,4,1,1.0,2,1,2.12,0.86,0.37,15.33
9.68,1,1,2.0,2,2,3.37,1.91,0.13,72.94
47.08,3,2,1.0,3,2,4.67,0.76,0.34,73.93
47.74,3,1,3.0,3,1,3.71,0.67,0.17,53.16
45.83,3,1,4.0,2,1,4.5,1.36,0.39,54.66
19.14,3,2,2.0,1,3,4.97,1.79,0.22,11.2
1.76,3,2,3.0,1,1,2.49,1.22,0.29,64.4
46.49,2,1,3.0,1,1,4.08,1.99,0.34,63.05
21.98,1,1,1.0,2,1,4.02,1.52,0.17,22.2
48.37,1,2,2.0,2,1,4.94,0.61,0.4,19.21
48.22,4,1,3.0,2,1,4.96,1.99,0.22,19.21
42.8,2,1,2.0,3,2,4.06,1.11,0.36,16.62
15.43,3,1,2.0,3,1,2.73,0.93,0.16,75.12
19.87,2,2,1.0,3,1,4.4,1.34,0.38,27.6
42.71,1,1,3.0,1,1,2.32,0.63,0.15,33.91
16.53,1,2,4.0,2,1,4.34,0.63,0.27,24.96
9.31,2,2,2.0,1,2,4.73,0.5,0.2,115.15
28.28,2,1,2.0,1,2,3.15,1.17,0.4,103.28
46.87,1,1,4.0,1,1,3.89,1.76,0.2,31.51
35.11,2,1,3.0,1,2,3.29,1.36,0.45,42.67
28.93,1,1,2.0,2,1,3.31,2.0,0.46,29.14
5.76,2,1,2.0,3,3,2.93,0.93,0.18,61.57
31.14,3,2,2.0,1,1,4.29,0.92,0.35,7.26
49.51,3,1,3.0,2,3,4.81,0.74,0.14,82.21
7.86,2,1,3.0,2,2,4.82,0.75,0.26,108.34
26.4,2,1,4.0,1,1,2.52,1.69,0.39,108.34
43.99,1,1,3.0,2,1,4.62,1.69,0.36,23.91
37.3,1,1,3.0,1,3,4.21,1.86,0.35,97.47
35.15,2,1,1.0,2,2,2.76,0.85,0.21,96.08
116.196063616616,2,2,4.0,2,1,2.2,0.85,0.25,19.63
139.06223019422194,2,1,2.0,1,2,2.8,1.82,0.14,50.83
40.66,1,1,3.0,1,1,4.74,0.99,0.39,24.57
40.66,2,1,2.0,2,1,3.9,0.67,0.3,34.29
40.7,3,1,2.0,1,1,4.16,1.81,0.38,35.27
43.49,3,1,1.0,1,1,2.77,1.45,0.2,68.97
45.75,1,1,3.0,2,2,4.16,0.75,0.23,52.31
26.06,2,2,4.0,2,1,2.08,1.14,0.23,113.99
25.57,1,1,3.0,3,2,3.13,0.93,0.11,19.53
40.12,1,2,4.0,3,1,3.88,1.61,0.24,116.97
32.85,4,1,4.0,2,1,2.44,1.18,0.42,31.52
35.4,1,1,3.0,3,1,4.47,1.98,0.46,93.88
39.99,2,1,2.0,3,1,2.71,0.58,0.31,43.98
44.61,2,1,1.0,1,1,3.96,1.03,0.28,21.45
17.56,3,1,1.0,1,1,3.22,1.22,0.11,103.66
5.61,2,1,1.0,1,1,3.79,1.25,0.45,40.52
5.61,2,1,1.0,3,1,2.32,0.97,0.11,70.14
29.34,2,1,2.0,3,1,2.05,1.59,0.48,70.14
2.76,2,1,3.0,1,1,4.73,1.81,0.3,59.25
23.81,1,2,1.0,2,2,2.81,1.91,0.24,62.02
100.38042000901908,2,1,3.0,2,2,4.46,1.78,0.11,89.21
15.04,1,1,1.0,1,1,5.0,1.78,0.11,15.09
29.95,1,1,4.0,3,1,2.63,1.33,0.33,81.84
2.49,2,1,1.0,1,1,2.8,1.74,0.32,108.02
2.83,1,1,1.0,1,3,3.99,0.96,0.19,11.65
41.31,2,1,1.0,2,1,4.9,1.1,0.36,21.18
18.65,2,1,1.0,2,1,4.75,0.98,0.36,87.41
7.23,3,1,1.0,1,1,3.51,1.2,0.39,55.29
26.59,1,1,2.0,2,1,4.39,0.93,0.1,51.41
38.73,1,1,3.0,2,1,2.41,1.94,0.47,20.75
11.58,1,1,3.0,1,2,4.93,0.97,0.17,63.28
31.52,3,1,1.0,1,1,4.89,0.65,0.19,19.55
5.18,3,1,2.0,2,1,2.49,1.29,0.21,59.81
3.53,1,2,1.0,1,1,2.9,0.59,0.12,92.82
27.04,4,1,2.0,3,1,2.3,0.67,0.15,60.29
145.74705994904548,1,1,3.0,3,2,2.82,0.83,0.49,60.29
32.23,2,1,3.0,3,1,4.45,1.2,0.23,119.08
36.58,3,2,4.0,3,2,3.13,1.15,0.15,83.96
48.82,3,1,2.0,3,1,2.27,1.7,0.14,101.76
26.3,3,1,2.0,2,1,3.03,1.61,0.39,52.71
16.82,3,1,4.0,1,3,4.94,1.14,0.44,93.3
39.96,2,1,4.0,1,1,3.89,1.0,0.2,9.66
14.27,3,1,2.0,2,2,3.25,0.97,0.11,19.13
22.51,1,1,4.0,2,1,2.5,1.66,0.19,28.35
4.84,3,1,3.0,2,2,4.96,0.58,0.12,51.22
2.24,2,1,1.0,1,1,4.46,0.52,0.14,102.26
48.17,3,2,3.0,2,1,2.21,1.69,0.27,44.82
41.96,2,2,4.0,1,2,2.21,1.22,0.19,80.28
35.1,2,1,2.0,1,2,2.17,0.7,0.31,86.57
21.04,2,1,2.0,1,2,2.36,0.85,0.2,72.41
9.49,3,1,3.0,3,2,3.74,1.9,0.48,46.08
8.67,1,1,2.0,3,2,4.79,1.79,0.46,71.36
13.26,1,1,4.0,2,1,3.49,1.56,0.33,44.36
27.91,1,2,3.0,1,1,4.53,1.22,0.24,119.17
36.02,1,2,2.0,1,1,3.34,1.28,0.26,119.17
33.35,3,1,1.0,3,1,4.13,1.96,0.26,19.63
14.72,1,1,4.0,1,1,4.2,1.95,0.39,13.32
47.79,2,2,4.0,1,1,2.52,0.82,0.28,106.03
37.16,2,2,2.0,1,1,3.08,1.72,0.44,39.71
28.16,1,2,3.0,2,1,3.91,0.8,0.48,79.78
21.56,3,1,3.0,2,1,2.21,0.82,0.23,42.84
21.56,2,1,1.0,3,1,3.6,1.51,0.32,50.02
13.14,2,1,3.0,1,1,3.6,1.11,0.14,35.14
18.44,2,1,2.0,1,2,4.99,1.9,0.18,44.45
38.13,1,1,4.0,3,2,3.42,0.63,0.27,52.23
1.71,1,1,4.0,3,1,4.45,1.27,0.18,87.85
6.69,4,1,4.0,1,1,3.3,1.88,0.45,9.82
3.25,4,1,3.0,2,1,4.39,1.86,0.16,9.82
3.0,2,1,1.0,1,1,3.79,0.73,0.28,9.82
42.92,1,1,3.0,3,1,4.66,1.05,0.34,62.85
35.48,2,1,3.0,1,1,3.23,1.43,0.38,72.19
116.66768073006573,1,1,2.0,3,1,3.81,0.74,0.25,110.82
5.79,1,1,2.0,2,1,3.89,1.95,0.45,10.65
25.09,1,2,2.0,2,3,3.25,1.87,0.33,70.95
24.2,2,1,1.0,1,3,2.43,0.75,0.28,103.17
9.49,3,1,1.0,2,1,2.28,0.68,0.13,32.82
22.26,3,1,2.0,2,1,4.62,0.63,0.29,105.77
31.18,3,1,1.0,1,1,4.62,1.86,0.43,7.19
31.18,2,1,1.0,2,1,2.71,0.79,0.35,89.23
32.12,2,1,4.0,3,2,2.63,1.12,0.43,112.31
3.22,2,1,1.0,2,1,4.21,1.17,0.3,80.58
19.36,4,1,1.0,2,2,2.96,1.4,0.15,55.49
31.67,1,1,1.0,1,1,3.52,0.84,0.11,10.16
25.65,3,1,2.0,2,3,2.49,0.84,0.22,110.81
42.97,2,2,4.0,1,1,4.88,1.9,0.38,59.08
33.28,3,1,1.0,2,2,4.55,1.86,0.42,8.33
8.98,3,2,2.0,3,1,4.59,1.67,0.22,84.33
4.46,2,2,3.0,2,1,3.22,0.53,0.3,60.41
32.48,3,1,3.0,1,1,4.29,0.99,0.27,19.3
2.3,4,2,3.0,1,1,2.43,1.44,0.26,29.64
47.07,2,1,3.0,2,2,2.03,0.91,0.19,12.42
47.07,1,1,4.0,2,2,2.06,1.86,0.15,71.04
29.2,2,1,3.0,3,2,3.76,1.45,0.18,76.53
20.02,4,1,3.0,3,1,3.37,0.61,0.12,63.16
32.52,1,1,4.0,2,2,3.55,1.86,0.18,98.97
23.45,2,1,1.0,1,1,2.02,1.94,0.1,104.02
27.74,2,1,1.0,1,1,4.15,0.62,0.35,75.8
47.13,3,1,4.0,1,1,4.15,1.3,0.23,6.47
19.92,1,1,4.0,1,1,3.33,0.96,0.49,84.95
45.36,3,1,4.0,2,1,4.2,1.09,0.18,70.04
45.36,4,1,3.0,2,1,2.7,0.77,0.24,70.04
10.59,1,1,4.0,2,1,4.44,1.94,0.24,79.64
4.4,1,2,2.0,1,2,3.77,1.94,0.1,45.28
5.94,4,1,3.0,1,1,2.63,1.25,0.44,110.47
1.89,1,2,1.0,1,1,2.71,0.62,0.11,20.41
5.63,3,1,1.0,1,1,3.88,1.43,0.46,82.22
34.47,2,1,1.0,3,1,4.49,1.01,0.46,5.5
4.49,1,1,3.0,1,1,3.25,1.78,0.31,111.33
16.63,3,2,2.0,2,1,2.77,1.15,0.32,17.94
42.4,2,2,4.0,1,1,4.6,0.79,0.36,15.91
2.14,2,2,4.0,3,1,4.01,0.79,0.25,43.3
40.91,2,2,1.0,2,1,3.34,1.65,0.36,47.96
14.81,2,2,1.0,1,2,3.46,0.9,0.12,29.64
6.79,1,2,3.0,2,1,2.61,1.65,0.12,72.29
35.14,2,2,2.0,2,1,3.88,0.81,0.28,55.94
31.82,1,2,4.0,3,2,3.08,0.98,0.32,8.93
44.0,1,1,3.0,1,1,4.99,1.2,0.46,41.76
37.02,2,1,4.0,3,2,3.44,1.91,0.14,84.32
40.37,2,1,1.0,3,2,3.46,1.9,0.43,84.32
14.82,3,1,4.0,3,1,3.7,0.81,0.18,88.36
9.69,1,1,2.0,2,1,4.75,1.04,0.26,85.28
37.78,4,2,2.0,2,1,4.4,0.72,0.23,40.76
40.53,2,1,1.0,2,1,3.35,1.26,0.26,16.46
49.53,1,1,2.0,2,1,4.16,1.19,0.16,36.33
21.22,1,1,2.0,2,1,3.76,1.85,0.3,100.66
19.23,1,1,3.0,2,1,3.48,1.9,0.42,117.75
39.04,2,1,4.0,2,1,3.39,1.08,0.28,61.79
17.7,2,2,1.0,2,1,3.39,1.24,0.3,6.12
46.61,3,1,1.0,3,1,2.74,1.84,0.44,21.11
43.06,2,1,1.0,1,1,4.74,1.71,0.38,42.04
22.02,1,1,1.0,3,1,4.86,0.51,0.3,71.54
37.79,2,1,1.0,2,1,4.86,0.98,0.2,13.64
37.97,3,1,2.0,3,2,3.6,1.13,0.45,113.49
6.05,1,1,3.0,2,1,3.89,0.84,0.33,46.98
25.76,1,1,1.0,1,1,3.63,0.8,0.19,109.95
25.76,1,1,3.0,3,1,2.39,0.56,0.21,94.76
41.5,3,1,3.0,1,1,3.13,1.47,0.42,91.88
44.88,2,1,2.0,3,2,2.3,0.89,0.12,74.77
44.88,2,1,1.0,2,1,3.87,0.58,0.5,77.08
20.07,3,1,2.0,2,3,3.34,0.85,0.15,78.37
1.53,3,1,1.0,1,1,4.33,1.7,0.42,77.3
45.36,2,2,3.0,2,2,2.66,1.78,0.26,68.68
5.47,1,1,3.0,1,1,2.49,1.22,0.45,118.44
104.37179088913676,1,1,1.0,1,2,3.22,1.12,0.45,89.21
47.55,1,1,4.0,1,1,4.78,1.97,0.27,94.35
47.58,1,1,3.0,1,1,4.13,0.8,0.31,105.33
29.1,1,1,4.0,3,1,3.26,0.82,0.12,29.8
31.96,2,1,3.0,3,1,3.55,0.94,0.2,14.64
22.97,4,2,2.0,1,2,2.25,0.76,0.2,60.53
15.37,1,1,1.0,1,1,4.95,1.07,0.37,64.12
33.95,1,1,3.0,1,1,4.0,1.87,0.15,100.36
33.95,2,1,2.0,2,2,2.86,1.42,0.15,70.65
37.87,4,1,1.0,3,1,3.76,1.9,0.26,70.65
39.79,2,1,1.0,3,3,2.33,1.9,0.36,75.75
39.69,2,1,3.0,2,2,4.9,0.57,0.38,75.75
5.47,1,2,1.0,2,1,2.52,0.82,0.17,75.75
25.23,1,1,3.0,1,2,3.94,1.35,0.13,100.22
27.93,4,1,1.0,3,1,4.15,1.42,0.48,23.11
27.93,4,2,4.0,1,1,4.15,0.56,0.2,73.35
22.63,1,1,2.0,2,1,4.33,1.47,0.44,73.27
44.5,4,2,4.0,2,1,4.02,1.47,0.45,23.88
6.74,2,1,4.0,2,2,3.84,1.55,0.41,19.2
6.74,3,2,4.0,1,2,4.68,1.46,0.17,117.71
8.01,2,1,3.0,3,1,2.99,0.98,0.43,50.28
38.31,2,2,1.0,1,1,2.99,0.64,0.41,31.15
31.29,2,2,1.0,2,3,2.74,1.14,0.34,24.7
5.96,2,1,4.0,1,1,4.96,0.69,0.23,81.77
5.12,1,2,4.0,1,1,3.17,1.92,0.21,75.09
35.35,1,1,1.0,2,1,4.2,1.21,0.15,79.01
4.57,3,1,2.0,2,2,4.05,0.98,0.3,15.12
41.27,3,1,1.0,1,1,2.64,1.65,0.33,107.76
5.16,1,1,2.0,1,2,2.72,1.25,0.24,49.77
5.16,2,1,4.0,2,1,2.84,0.97,0.29,41.04
5.16,4,1,2.0,2,1,3.23,1.72,0.25,58.17
49.35,1,1,2.0,1,1,2.7,1.8,0.36,49.86
19.34,2,2,2.0,1,1,2.06,1.51,0.46,104.31
19.16,2,2,2.0,1,1,4.64,0.57,0.16,111.87
40.83,3,1,1.0,1,2,4.9,1.35,0.16,39.9
47.42,1,1,2.0,1,2,3.02,1.64,0.16,104.35
37.92,2,1,1.0,2,1,3.02,0.7,0.35,94.88
37.92,3,1,2.0,2,2,2.02,0.84,0.39,112.04
19.44,4,1,4.0,1,1,4.04,1.82,0.47,33.26
5.09,2,1,4.0,1,1,4.48,0.53,0.21,71.35
39.08,2,1,3.0,1,1,2.44,1.63,0.13,36.57
28.36,3,2,3.0,3,1,2.48,1.21,0.13,99.77
21.79,3,1,2.0,3,1,4.37,1.17,0.34,5.61
45.41,2,1,2.0,1,1,3.85,0.51,0.12,69.95
6.45,1,1,2.0,1,1,2.13,1.73,0.46,44.01
25.14,4,1,3.0,3,2,3.87,1.04,0.31,42.11
1.56,2,1,4.0,3,1,2.93,1.31,0.37,79.16
23.96,2,1,3.0,1,1,3.11,1.52,0.43,102.92
3.76,1,1,4.0,1,1,4.31,1.55,0.16,75.06
6.82,2,1,2.0,1,1,4.43,1.93,0.12,103.11
6.76,2,2,4.0,2,1,3.2,1.3,0.45,35.43
32.81,2,2,4.0,1,1,4.84,1.93,0.23,64.74
37.56,1,1,4.0,1,2,3.22,1.93,0.15,56.81
29.59,2,1,3.0,2,2,4.32,1.46,0.29,6.34
48.15,4,1,2.0,1,1,3.45,0.95,0.34,69.03
19.37,1,1,3.0,2,1,4.69,0.69,0.11,81.08
15.0,4,1,3.0,1,3,4.72,1.76,0.21,73.07
43.56,2,1,3.0,1,2,2.26,1.04,0.11,89.67
11.96,3,1,2.0,2,3,4.81,1.49,0.27,70.7
48.2,2,1,3.0,1,1,4.48,1.21,0.46,12.68
48.52,2,1,3.0,3,1,4.37,0.8,0.49,18.39
48.52,3,2,2.0,2,1,2.6,1.4,0.35,73.59
3.11,3,2,3.0,1,1,4.42,0.59,0.16,36.62
44.67,2,2,2.0,2,2,4.55,1.12,0.46,14.16
26.86,2,1,4.0,1,1,2.87,1.32,0.31,54.4
49.66,2,2,4.0,3,1,4.86,1.15,0.16,68.75
28.14,3,1,3.0,1,1,2.15,1.62,0.47,42.81
28.14,3,2,3.0,2,1,2.45,1.66,0.4,87.85
48.5,3,1,1.0,1,1,3.61,1.66,0.39,79.03
26.63,2,2,1.0,2,1,3.73,0.56,0.38,43.27
31.84,3,1,3.0,3,3,3.94,0.79,0.18,91.81
107.78683195771164,1,2,1.0,3,1,2.05,1.3,0.18,79.6
23.27,2,2,2.0,1,1,4.88,1.9,0.38,78.31
31.75,1,1,1.0,3,2,2.13,1.75,0.19,68.64
29.63,2,1,3.0,3,1,2.43,1.76,0.28,6.31
45.16,2,2,3.0,3,1,2.04,1.14,0.41,85.1
3.23,2,1,2.0,1,2,3.7,1.14,0.41,48.24
14.77,2,2,4.0,2,1,4.8,1.21,0.28,113.4
47.57,2,1,2.0,1,2,4.0,0.74,0.42,99.07
44.62,1,1,2.0,3,2,4.47,0.55,0.44,72.58
23.33,1,1,1.0,1,3,2.04,1.92,0.19,34.0
31.39,2,1,1.0,1,1,3.63,0.86,0.19,28.43
14.59,1,2,2.0,2,1,3.5,0.86,0.21,44.14
10.22,1,1,2.0,2,1,3.5,0.63,0.23,59.81
23.72,2,1,3.0,2,1,2.22,1.89,0.15,39.05
18.31,2,1,1.0,2,2,4.05,1.37,0.21,64.22
29.6,2,1,2.0,1,1,3.51,1.5,0.18,24.02
4.81,2,2,1.0,1,1,4.3,1.87,0.28,117.44
48.75,2,2,2.0,2,2,3.46,1.02,0.46,17.41
49.32,3,1,1.0,1,1,2.45,1.43,0.14,112.17
35.21,2,2,4.0,2,1,3.94,0.56,0.39,110.06
27.27,2,2,3.0,3,1,2.52,0.78,0.37,65.42
16.17,2,1,1.0,2,2,4.62,1.75,0.14,55.15
40.88,2,2,4.0,1,1,2.47,1.65,0.47,55.15
34.55,2,1,1.0,1,2,2.47,1.03,0.25,44.17
8.97,2,1,1.0,1,1,4.89,1.07,0.25,44.17
45.64,2,2,4.0,2,2,3.56,1.3,0.4,39.63
41.3,2,1,1.0,2,2,2.22,0.86,0.2,71.5
47.54,2,2,1.0,2,1,3.88,0.86,0.38,37.97
36.56,3,2,3.0,1,1,2.76,0.81,0.12,37.97
31.06,3,1,4.0,1,1,4.41,0.88,0.44,37.97
21.49,3,2,4.0,1,2,4.45,1.71,0.28,47.2
46.7,4,1,2.0,2,1,4.94,0.79,0.35,14.65
43.44,1,1,1.0,1,1,3.51,0.79,0.19,11.01
3.22,1,1,3.0,1,1,3.36,1.8,0.37,34.15
2.29,1,2,1.0,1,1,4.26,1.8,0.41,13.54
19.45,2,1,1.0,3,1,2.4,0.86,0.29,16.93
40.72,3,1,2.0,3,1,3.64,0.62,0.35,98.49
49.38,1,1,1.0,1,1,3.64,1.03,0.28,9.47
8.37,4,2,3.0,1,2,2.27,1.62,0.3,80.78
30.11,1,1,3.0,2,1,3.25,1.33,0.3,36.34
19.66,4,1,2.0,1,1,4.56,1.73,0.44,105.23
48.53,2,1,1.0,2,3,4.57,1.94,0.26,60.77
42.26,1,1,3.0,3,2,2.3,1.69,0.26,40.14
42.08,2,2,1.0,2,2,2.27,1.41,0.19,64.53
23.97,1,1,1.0,3,1,2.79,1.24,0.26,48.93
21.33,1,1,1.0,1,1,4.62,0.56,0.43,69.89
14.4,2,2,2.0,1,1,2.39,1.98,0.19,18.17
3.76,3,1,3.0,2,2,4.16,1.08,0.31,119.65
43.37,2,2,3.0,1,1,2.3,0.73,0.42,53.94
40.83,2,1,1.0,2,1,3.87,1.5,0.24,45.05
49.99,2,2,3.0,1,1,3.07,0.93,0.36,86.67
139.476514583775,3,1,1.0,1,1,4.37,1.38,0.2,46.85
28.22,1,1,3.0,3,1,2.7,1.38,0.14,100.83
38.68,2,2,1.0,1,1,3.92,1.17,0.42,57.24
47.29,1,2,1.0,3,1,2.71,1.75,0.14,87.75
42.63,1,2,1.0,3,1,4.14,1.17,0.21,17.36
13.12,2,1,3.0,2,3,4.62,1.17,0.44,102.3
23.08,1,2,4.0,2,2,2.38,1.31,0.24,89.61
7.33,2,2,2.0,2,2,4.6,1.5,0.49,29.35
47.75,3,1,4.0,3,2,3.78,1.68,0.49,41.37
30.7,1,2,4.0,1,1,2.38,1.09,0.21,41.37
12.2,2,2,1.0,2,1,3.28,1.47,0.12,117.25
33.91,1,1,2.0,2,1,2.48,0.73,0.38,34.54
31.29,4,1,1.0,2,1,4.1,1.9,0.28,57.45
18.55,2,1,1.0,2,1,4.28,1.07,0.14,50.68
6.56,3,1,4.0,1,1,2.32,1.59,0.38,50.68
33.91,2,1,4.0,2,1,4.44,0.53,0.11,114.61
26.5,1,1,1.0,3,1,4.44,0.81,0.45,114.61
38.84,2,1,1.0,1,1,4.81,1.23,0.15,64.42
26.49,4,1,1.0,3,1,3.54,1.82,0.15,99.2
42.76,2,1,2.0,2,2,4.85,1.29,0.17,67.92
28.04,3,2,4.0,3,1,3.61,1.89,0.48,9.69
28.49,3,2,3.0,2,1,3.18,1.23,0.38,41.23
43.96,1,1,3.0,2,1,4.54,1.24,0.42,71.19
20.77,1,2,4.0,1,1,3.48,1.7,0.26,103.8
7.57,2,1,3.0,3,1,3.42,1.7,0.23,103.8
2.41,3,1,2.0,1,1,3.47,0.87,0.19,31.26
38.0,3,1,3.0,3,1,4.54,1.85,0.29,30.31
31.4,4,1,3.0,1,1,4.5,1.87,0.32,28.13
35.5,2,2,2.0,1,2,3.21,1.91,0.35,111.09
11.44,1,2,1.0,1,2,3.0,1.28,0.2,103.06
7.68,3,1,3.0,2,1,3.48,1.52,0.48,94.11
1.71,1,1,3.0,3,1,3.72,1.67,0.17,50.16
18.18,3,1,2.0,3,2,2.72,0.7,0.49,63.0
29.91,2,1,1.0,1,1,4.38,1.4,0.11,58.4
20.22,2,1,1.0,1,1,3.46,0.55,0.23,34.14
22.44,1,1,3.0,3,2,3.0,1.25,0.23,63.08
45.3,2,2,3.0,2,2,2.32,0.73,0.28,8.51
18.06,2,2,3.0,3,1,2.72,0.77,0.33,20.16
26.19,2,1,1.0,1,2,4.85,1.05,0.27,106.96
39.4,3,2,2.0,2,2,2.92,1.15,0.27,91.44
20.43,3,1,2.0,2,1,2.51,1.43,0.39,53.63
31.48,3,1,1.0,2,3,3.38,0.61,0.37,64.47
43.26,1,1,4.0,2,3,2.92,1.26,0.43,47.55
47.53,1,1,2.0,2,1,2.11,0.77,0.2,90.19
8.21,1,2,3.0,2,1,2.97,1.36,0.34,95.18
46.4,2,1,4.0,1,1,3.63,1.46,0.33,92.78
25.11,2,1,4.0,2,1,3.66,1.34,0.25,88.1
13.65,2,1,2.0,1,1,3.07,1.61,0.29,43.87
23.5,1,1,4.0,2,1,3.34,1.0,0.23,43.87
49.02,2,2,4.0,1,1,4.9,1.65,0.16,59.03
25.14,2,1,2.0,2,2,3.13,1.15,0.19,43.04
17.11,2,1,4.0,2,1,2.77,1.23,0.37,91.82
12.77,4,1,4.0,1,1,2.73,1.47,0.37,42.88
12.77,1,1,3.0,1,1,3.37,0.53,0.48,20.9
4.72,2,1,1.0,1,2,4.28,1.48,0.48,50.89
7.32,2,1,4.0,2,1,2.62,1.43,0.39,117.69
122.82019097975328,2,1,3.0,3,1,4.13,0.96,0.12,30.98
8.44,3,2,3.0,1,1,2.06,0.63,0.45,75.4
7.8,2,2,4.0,2,1,3.26,0.64,0.45,13.17
32.4,4,2,4.0,1,1,4.33,1.88,0.28,13.17
9.91,1,1,1.0,2,2,3.02,1.53,0.33,61.11
17.94,1,1,1.0,3,1,3.69,0.69,0.49,85.75
44.94,3,1,1.0,1,1,2.61,1.04,0.31,64.02
24.22,2,2,2.0,2,1,4.23,1.39,0.46,38.23
33.71,1,1,2.0,1,2,4.56,1.75,0.13,38.23
9.44,1,1,1.0,1,1,4.56,0.57,0.18,14.92
10.42,1,1,1.0,1,1,4.62,0.85,0.28,112.71
3.0,3,1,2.0,1,1,4.62,1.83,0.33,48.49
9.28,1,1,3.0,2,1,3.06,0.51,0.43,71.29
14.65,2,1,4.0,2,1,4.17,0.8,0.5,96.08
9.67,1,2,4.0,2,1,2.96,1.94,0.26,42.3
5.35,1,1,1.0,1,1,4.72,1.42,0.12,87.36
6.91,1,1,3.0,1,1,2.38,0.89,0.42,20.57
23.58,2,1,2.0,2,1,2.54,0.6,0.34,38.5
11.11,1,1,1.0,1,1,3.48,0.54,0.18,21.64
18.85,1,1,3.0,1,1,2.25,0.87,0.3,98.29
25.67,1,2,3.0,3,3,2.59,1.82,0.4,30.6
34.83,2,1,3.0,2,3,4.83,1.12,0.41,87.5
2.93,3,2,2.0,2,3,4.93,1.58,0.3,113.48
40.17,2,1,2.0,2,2,3.13,1.88,0.22,65.69
31.77,2,1,4.0,1,1,4.77,1.11,0.49,67.1
5.01,2,2,4.0,1,2,3.63,0.79,0.37,58.02
43.81,2,1,3.0,2,1,2.81,1.28,0.26,42.48
46.12,2,1,3.0,1,1,4.11,1.86,0.21,59.7
138.76388715029725,4,1,2.0,3,1,3.98,1.71,0.39,74.32
14.57,2,1,4.0,2,1,4.97,0.6,0.31,118.39
40.5,2,2,3.0,1,2,2.8,1.54,0.31,112.84
37.66,3,1,4.0,2,1,4.02,1.36,0.31,104.15
10.04,2,2,3.0,1,1,2.16,1.86,0.22,107.25
11.26,1,2,3.0,2,2,2.34,0.68,0.15,58.8
19.15,2,1,2.0,2,1,2.01,1.3,0.15,80.61
24.74,4,2,3.0,3,1,5.0,1.82,0.36,107.93
31.29,1,1,3.0,2,2,4.41,1.22,0.21,50.19
19.08,2,2,4.0,2,1,4.36,1.22,0.1,115.6
23.66,1,1,3.0,2,1,3.53,0.61,0.15,52.82
37.63,2,1,2.0,3,1,2.9,0.92,0.45,74.12
2.8,1,1,3.0,1,1,2.45,1.92,0.45,86.63
13.37,2,1,2.0,1,2,2.85,1.92,0.19,114.32
35.95,3,1,2.0,1,1,3.13,0.92,0.41,33.13
44.87,2,1,4.0,1,1,4.27,1.51,0.34,90.81
26.07,2,1,1.0,2,1,3.62,1.51,0.49,64.89
27.07,3,1,1.0,2,1,2.23,0.74,0.25,35.88
6.25,4,2,4.0,2,3,2.05,1.23,0.37,94.31
22.92,1,1,3.0,2,1,2.31,1.61,0.13,68.51
27.1,2,2,4.0,2,1,4.8,1.8,0.26,81.01
12.88,1,2,2.0,1,1,4.8,1.44,0.49,42.13
14.19,4,2,1.0,2,1,3.91,1.5,0.32,76.0
19.49,4,2,4.0,2,2,4.41,0.69,0.22,76.0
1.98,2,1,3.0,1,1,3.4,1.92,0.15,51.56
11.36,3,1,4.0,1,1,3.08,0.7,0.38,27.81
11.36,2,2,1.0,1,1,4.63,1.66,0.36,115.59
17.05,2,1,4.0,3,2,4.63,0.9,0.25,63.82
6.87,1,1,4.0,3,1,4.35,1.9,0.48,89.4
44.64,3,1,1.0,2,2,2.5,1.58,0.11,52.27
30.09,1,2,2.0,1,1,3.54,1.63,0.22,45.84
39.67,3,1,2.0,2,2,3.46,0.83,0.47,51.82
39.67,3,1,1.0,2,1,3.88,1.16,0.23,52.06
25.42,3,1,4.0,2,1,4.84,1.43,0.2,67.58
5.26,1,1,1.0,1,1,3.74,1.65,0.31,67.5
27.32,2,1,2.0,1,1,3.62,0.66,0.43,62.17
29.76,1,1,3.0,2,2,2.15,1.94,0.14,20.5
37.53,2,1,4.0,1,2,2.19,1.84,0.48,62.05
22.15,1,2,2.0,1,1,2.56,0.91,0.42,24.45
7.25,4,1,1.0,1,1,2.1,1.73,0.17,19.51
14.91,2,2,1.0,2,1,4.23,1.28,0.38,112.25
18.79,2,2,3.0,3,2,4.17,1.19,0.25,74.57
32.65,2,1,1.0,3,1,2.41,0.97,0.26,80.84
28.97,2,1,3.0,2,1,4.51,1.37,0.41,51.21
18.45,2,1,4.0,2,1,2.46,1.59,0.49,109.53
49.34,2,2,4.0,1,1,2.75,1.12,0.15,78.36
30.68,4,1,1.0,2,1,2.75,1.44,0.27,93.45
12.62,2,1,3.0,2,1,3.12,1.55,0.29,47.38
5.99,4,1,3.0,2,1,2.76,1.57,0.25,115.4
8.49,3,1,1.0,1,3,3.47,1.79,0.25,99.35
13.05,1,1,1.0,1,1,3.22,1.79,0.12,103.2
8.87,4,1,3.0,1,1,4.96,1.19,0.37,24.8
10.14,1,2,4.0,1,1,2.17,0.89,0.27,36.16
14.97,3,1,2.0,1,2,2.43,0.86,0.18,37.85
9.5,2,1,1.0,1,1,2.16,1.22,0.43,36.15
44.94,3,2,2.0,3,1,2.16,1.83,0.42,103.37
4.93,3,2,1.0,2,1,2.16,1.07,0.29,8.67
26.7,3,1,4.0,2,1,4.51,1.62,0.22,13.75
21.11,3,2,3.0,3,1,3.54,0.65,0.36,36.5
49.14,2,1,3.0,3,2,3.58,1.21,0.22,27.99
6.49,1,1,3.0,2,1,3.68,1.66,0.19,31.66
20.49,2,1,1.0,3,1,2.51,1.66,0.39,96.76
48.5,1,1,4.0,1,1,2.59,0.82,0.12,5.66
43.41,2,1,2.0,1,2,2.96,1.25,0.14,5.66
41.04,2,1,2.0,2,1,3.78,0.85,0.1,54.37
13.64,4,2,2.0,2,2,2.63,1.11,0.16,51.91
9.37,2,1,1.0,2,1,2.35,1.67,0.13,18.1
33.76,3,1,1.0,1,2,2.07,1.66,0.5,82.76
46.54,1,1,2.0,1,2,2.07,0.84,0.22,85.74
28.28,3,1,2.0,2,2,4.41,1.88,0.16,87.9
29.01,2,1,2.0,1,1,4.36,1.39,0.2,88.77
14.72,2,1,4.0,2,1,2.89,1.07,0.47,5.01
38.71,2,1,2.0,2,2,2.41,1.25,0.31,114.7
10.17,3,1,1.0,2,1,4.09,1.41,0.25,98.63
16.86,1,1,1.0,2,1,4.09,1.34,0.45,108.96
21.85,2,1,3.0,3,2,3.93,1.23,0.26,6.8
25.87,2,1,2.0,2,2,4.35,1.26,0.23,112.39
12.88,1,1,4.0,2,2,4.81,0.76,0.18,98.13
6.63,2,2,4.0,2,1,4.08,1.72,0.25,101.28
30.92,1,1,4.0,1,2,2.47,1.31,0.23,15.73
15.14,1,1,3.0,1,2,2.73,0.7,0.37,89.96
29.48,1,1,4.0,1,1,4.53,1.65,0.22,115.39
8.56,4,2,4.0,2,1,2.63,1.92,0.33,83.03
24.58,2,2,1.0,2,1,2.22,1.92,0.13,70.61
27.1,2,1,3.0,3,1,4.11,1.05,0.18,113.75
3.54,2,2,2.0,1,3,3.21,0.7,0.26,55.94
17.49,2,1,2.0,1,1,4.76,1.28,0.47,73.92
7.59,2,1,2.0,3,3,3.95,0.67,0.25,59.78
4.11,2,2,4.0,1,3,2.27,1.9,0.37,112.28
49.51,1,2,2.0,2,1,4.84,0.78,0.2,13.75
16.8,2,1,4.0,2,2,2.78,0.88,0.12,62.63
40.68,1,1,3.0,1,1,3.01,1.11,0.12,84.0
13.48,2,1,3.0,1,2,3.21,1.07,0.22,96.07
34.39,1,1,4.0,1,1,2.15,1.69,0.16,72.05
38.25,1,1,1.0,1,2,3.49,1.18,0.17,109.53
30.19,1,1,2.0,2,1,2.37,0.76,0.4,113.33
24.11,3,1,2.0,2,1,3.2,0.9,0.11,12.4
21.18,2,1,2.0,1,2,3.05,1.26,0.32,51.27
18.09,1,1,4.0,2,1,4.32,0.72,0.25,7.7
46.55,4,1,3.0,3,1,4.41,1.42,0.3,42.88
41.7,2,1,2.0,1,1,2.46,1.35,0.33,66.74
48.29,2,2,3.0,2,2,3.1,1.57,0.23,109.74
7.09,4,2,2.0,1,1,2.45,1.91,0.22,102.35
36.81,1,1,2.0,1,1,2.45,1.87,0.39,19.66
46.98,1,2,4.0,1,1,4.4,1.92,0.45,15.7
9.88,1,2,1.0,2,1,4.12,0.87,0.18,72.77
4.26,2,2,4.0,3,1,2.57,0.7,0.14,66.19
37.31,1,1,2.0,3,1,3.1,0.95,0.46,35.63
29.15,2,1,2.0,2,1,2.32,1.84,0.24,108.44
7.85,1,1,1.0,2,1,3.88,1.96,0.32,111.65
7.85,2,1,3.0,1,1,2.36,0.67,0.24,51.3
39.97,4,1,3.0,2,2,4.96,0.67,0.15,107.38
10.88,3,1,2.0,2,1,3.17,1.92,0.34,89.73
9.02,2,1,3.0,1,1,3.17,1.14,0.31,89.73
9.05,2,2,2.0,2,1,3.74,0.51,0.18,59.73
40.91,2,1,1.0,2,1,4.73,1.16,0.28,19.1
33.59,2,1,1.0,1,2,3.66,0.57,0.42,111.71
26.63,2,2,2.0,3,1,2.52,1.21,0.34,57.22
43.98,1,2,1.0,1,1,3.14,1.21,0.14,89.47
43.98,3,2,4.0,1,1,4.53,1.21,0.32,47.22
20.23,2,2,1.0,1,1,3.93,1.42,0.38,7.17
41.01,1,2,1.0,2,1,3.95,1.8,0.42,16.56
22.52,2,2,2.0,2,1,4.6,1.49,0.35,62.07
19.47,3,1,2.0,1,1,4.68,1.15,0.16,84.35
23.67,3,1,1.0,2,3,4.76,1.73,0.38,43.49
15.77,3,1,3.0,1,1,2.28,1.86,0.37,85.34
37.63,3,1,4.0,2,1,3.63,0.68,0.11,85.34
25.63,1,1,3.0,2,2,4.22,1.3,0.26,85.95
12.38,2,1,2.0,2,2,4.27,0.93,0.23,61.64
45.08,2,2,2.0,3,1,3.82,0.57,0.19,110.21
19.81,1,1,3.0,1,2,2.5,1.5,0.19,61.26
101.0397035425727,3,1,1.0,1,2,4.39,1.79,0.47,56.78
45.42,3,2,3.0,2,1,4.16,0.74,0.47,27.93
31.59,1,1,3.0,3,1,2.26,1.72,0.42,40.38
6.73,2,1,4.0,1,1,3.39,1.78,0.47,9.87
47.05,1,1,4.0,1,3,2.52,1.87,0.49,77.86
31.76,1,1,3.0,1,1,3.01,0.9,0.1,33.58
17.41,1,1,2.0,2,1,2.05,1.86,0.27,39.98
7.82,4,2,2.0,1,2,3.2,0.98,0.27,93.64
39.91,3,1,4.0,2,1,3.65,1.33,0.44,42.63
31.38,4,1,4.0,3,1,3.86,0.58,0.2,32.85
27.14,2,2,2.0,2,1,3.99,0.57,0.49,24.44
44.8,1,2,1.0,1,1,4.51,1.58,0.35,94.11
39.64,2,1,4.0,2,2,2.65,1.17,0.42,19.92
8.43,2,1,4.0,1,1,2.36,0.88,0.13,57.18
16.27,3,1,1.0,3,2,4.55,0.79,0.17,84.05
13.18,1,1,4.0,2,1,2.47,1.5,0.4,84.05
37.45,2,1,4.0,1,1,4.92,0.5,0.11,77.83
2.64,1,1,1.0,2,3,4.53,1.71,0.43,98.23
28.92,2,2,1.0,2,1,3.5,0.62,0.11,10.15
38.36,3,1,3.0,2,1,4.94,0.79,0.36,39.09
43.96,2,1,2.0,1,1,2.29,1.08,0.25,37.22
17.76,2,1,2.0,3,2,2.91,1.03,0.34,21.79
41.24,2,1,1.0,3,1,3.91,1.03,0.38,38.26
42.48,2,1,1.0,2,1,3.05,0.98,0.24,65.02
42.48,3,1,4.0,3,1,4.79,1.95,0.14,65.02
7.25,4,2,3.0,1,1,2.2,1.46,0.13,81.33
20.47,4,1,3.0,2,2,3.65,1.15,0.34,48.83
8.35,3,1,1.0,2,1,3.77,1.15,0.31,87.74
8.35,2,1,4.0,2,1,3.96,1.81,0.4,43.66
12.23,2,1,4.0,2,1,2.77,0.95,0.3,38.38
36.39,2,1,2.0,1,2,3.09,0.64,0.27,67.24
36.28,3,1,2.0,1,2,4.53,1.64,0.11,7.73
32.42,3,1,4.0,1,1,2.58,1.41,0.11,14.18
35.0,1,1,2.0,1,3,4.48,1.36,0.23,53.07
27.59,4,2,1.0,2,1,3.69,0.58,0.49,113.43
13.34,2,2,4.0,1,2,4.29,0.71,0.45,87.97
17.94,2,2,2.0,1,2,4.14,1.43,0.34,15.13
9.9,2,2,3.0,2,1,2.62,0.81,0.34,102.33
45.51,3,1,4.0,2,2,3.71,1.26,0.44,89.21
29.59,2,2,4.0,3,3,4.6,1.32,0.28,75.26
20.64,2,2,3.0,2,1,3.3,0.93,0.11,99.33
23.64,1,2,1.0,1,1,4.9,1.92,0.13,51.47
47.42,2,2,3.0,3,2,3.36,1.58,0.3,30.47
8.51,1,2,4.0,2,1,2.43,1.58,0.49,63.88
29.73,3,2,1.0,1,1,3.17,0.66,0.38,68.12
25.79,2,1,2.0,2,1,4.86,0.66,0.13,66.91
30.96,2,1,2.0,3,1,2.96,1.24,0.18,69.98
1.89,1,1,2.0,1,1,4.6,0.74,0.41,114.1
43.73,1,1,4.0,1,1,4.64,1.97,0.44,108.76
108.14699381139414,3,1,1.0,1,1,3.05,0.74,0.35,105.71
108.14699381139414,1,1,1.0,1,1,2.25,1.05,0.36,97.16
35.14,1,2,2.0,2,1,4.17,1.05,0.11,113.49
46.2,1,2,1.0,2,1,2.93,1.46,0.43,16.33
35.65,4,2,4.0,1,2,4.35,0.69,0.42,35.49
8.47,3,2,2.0,3,1,3.33,1.15,0.2,61.93
29.24,2,2,4.0,2,2,3.46,0.91,0.38,63.09
30.73,1,2,3.0,2,2,4.33,1.83,0.19,63.09
21.78,2,1,4.0,1,1,3.15,0.56,0.12,91.02
37.09,3,2,4.0,1,1,3.33,1.87,0.18,34.03
46.78,2,2,3.0,2,1,3.13,1.75,0.17,34.03
46.35,1,1,1.0,2,1,3.1,0.95,0.24,89.15
23.09,1,1,3.0,3,2,3.58,1.68,0.3,23.94
6.55,1,2,3.0,2,2,4.43,0.55,0.3,45.41
49.26,2,1,4.0,1,1,3.09,1.95,0.29,35.46
42.11,3,1,1.0,3,1,3.57,1.29,0.21,45.23
7.11,1,1,2.0,1,2,4.01,0.95,0.11,86.46
43.62,1,1,3.0,3,3,2.81,1.04,0.34,68.86
43.62,1,1,3.0,3,1,2.83,0.6,0.26,68.86
26.42,4,2,3.0,1,1,4.8,1.98,0.22,16.49
29.97,1,1,3.0,2,1,4.17,0.56,0.45,97.58
20.55,3,1,3.0,1,3,3.73,1.48,0.4,47.54
3.68,2,1,3.0,2,1,3.94,1.16,0.44,79.58
17.42,2,1,4.0,2,1,2.09,1.92,0.3,88.42
40.34,1,2,1.0,2,1,3.85,0.87,0.15,29.11
1.23,1,1,1.0,2,1,3.53,1.3,0.38,106.74
20.51,2,1,1.0,2,1,3.64,1.22,0.18,75.87
20.51,3,1,3.0,2,3,3.08,1.55,0.28,54.3
27.33,2,1,4.0,3,1,2.24,0.6,0.13,25.97
46.07,2,2,3.0,3,1,2.58,0.79,0.43,113.36
17.97,1,2,3.0,1,1,4.85,0.82,0.15,91.83
18.0,4,1,1.0,1,1,3.23,1.61,0.46,28.92
37.14,3,1,3.0,1,1,3.4,0.78,0.45,43.84
23.16,1,1,2.0,3,1,2.16,1.36,0.4,98.11
23.17,4,1,3.0,1,1,2.11,0.82,0.4,85.0
23.17,2,1,2.0,1,1,4.15,1.79,0.35,93.07
7.9,2,1,3.0,2,1,3.61,1.91,0.42,55.74
9.64,3,1,4.0,2,1,3.53,1.28,0.41,87.39
25.42,3,1,4.0,1,3,2.73,1.03,0.41,49.45
126.54762829842768,2,2,1.0,1,1,4.23,0.85,0.28,29.3
45.83,1,2,3.0,2,1,2.5,0.57,0.48,117.24
18.76,2,1,2.0,3,1,2.57,0.9,0.29,117.24
29.45,4,2,3.0,1,2,3.38,1.48,0.29,40.72
1.64,1,1,3.0,1,1,2.86,1.3,0.41,58.01
1.64,2,1,2.0,2,2,2.74,1.92,0.43,82.51
33.51,2,2,4.0,1,2,3.94,1.09,0.32,67.27
9.72,2,2,2.0,3,1,3.95,1.54,0.17,101.99
48.09,2,2,1.0,3,1,4.47,1.23,0.29,92.6
8.28,4,1,4.0,2,3,3.25,1.27,0.49,11.7
49.85,1,1,4.0,1,1,2.22,0.9,0.4,119.82
49.85,1,2,4.0,2,1,2.82,1.18,0.42,91.53
49.85,1,1,3.0,2,1,4.94,1.21,0.11,104.35
25.61,3,1,3.0,3,1,3.79,1.56,0.29,79.89
30.17,2,1,4.0,2,1,4.13,1.91,0.36,103.47
4.29,1,1,3.0,2,2,2.02,0.99,0.43,17.92
37.75,3,1,2.0,2,3,3.55,0.56,0.12,44.99
11.29,3,1,3.0,2,1,2.11,1.32,0.44,105.79
45.0,3,2,3.0,3,1,3.71,1.32,0.32,28.19
11.05,4,1,4.0,2,1,4.76,0.75,0.18,14.0
10.34,1,1,1.0,2,1,4.91,1.64,0.21,95.63
2.79,3,1,1.0,1,3,3.62,1.98,0.21,101.08
24.13,2,1,1.0,2,3,3.37,1.92,0.31,23.71
28.68,3,1,2.0,2,2,4.84,1.81,0.12,103.25
4.22,3,1,3.0,1,1,4.02,1.81,0.16,83.98
39.0,3,2,1.0,1,1,2.19,1.56,0.43,64.81
23.21,2,1,4.0,2,1,3.4,1.18,0.15,100.48
26.7,1,2,1.0,2,1,2.72,1.31,0.19,53.21
22.6,2,1,1.0,2,1,3.41,1.77,0.28,27.31
20.64,4,1,3.0,1,1,3.37,1.22,0.31,37.76
28.42,4,1,3.0,2,3,3.75,1.06,0.41,63.09
8.61,1,1,3.0,1,1,3.07,1.24,0.28,66.1
9.91,1,2,2.0,2,1,2.49,0.78,0.42,97.64
43.23,1,1,2.0,1,2,3.51,0.78,0.35,96.01
47.36,3,1,1.0,1,1,3.99,1.85,0.15,71.86
19.29,3,2,3.0,1,1,3.99,1.51,0.16,94.79
14.27,1,2,1.0,1,1,4.81,1.45,0.27,27.05
21.03,2,1,4.0,1,1,4.81,0.65,0.26,10.76
21.03,3,1,4.0,1,1,4.74,1.41,0.4,105.47
2.24,3,2,3.0,2,1,2.63,0.68,0.33,13.69
8.65,2,1,3.0,2,2,2.12,0.62,0.26,33.37
36.08,2,1,4.0,1,1,4.48,1.29,0.17,84.96
33.29,2,1,3.0,3,1,4.48,1.1,0.19,52.09
2.33,1,1,2.0,1,2,4.67,1.38,0.33,105.78
11.88,2,1,2.0,2,1,4.67,0.63,0.27,39.27
12.32,2,1,3.0,1,1,3.8,1.15,0.31,6.37
33.92,3,2,4.0,1,1,3.59,0.76,0.17,39.58
1.97,2,1,1.0,2,1,2.08,1.98,0.37,71.48
6.1,3,1,3.0,2,1,2.74,1.34,0.2,48.23
40.2,1,1,3.0,3,1,3.38,1.53,0.2,66.51
9.75,2,2,1.0,2,1,3.89,0.99,0.3,105.81
32.98,1,1,3.0,3,1,3.67,0.64,0.49,109.94
12.67,1,1,1.0,1,3,2.84,1.96,0.23,35.59
5.87,3,2,4.0,1,1,2.84,0.93,0.34,58.15
12.92,4,2,2.0,1,2,3.69,1.14,0.14,114.15
36.39,1,1,4.0,1,1,2.26,1.47,0.34,114.15
42.93,2,1,2.0,2,1,3.24,0.54,0.14,119.84
41.68,3,1,1.0,2,2,4.25,1.72,0.48,32.07
20.46,1,1,4.0,1,1,4.08,1.3,0.39,88.6
33.74,2,1,4.0,3,2,4.97,0.92,0.42,48.47
11.04,3,2,2.0,3,1,2.83,0.59,0.38,5.93
15.36,2,1,1.0,1,1,3.49,0.74,0.34,6.06
44.92,1,1,2.0,1,1,2.99,1.84,0.28,57.97
1.64,2,1,3.0,1,1,3.32,1.53,0.44,61.16
5.19,3,1,4.0,1,2,4.57,0.87,0.48,7.6
11.19,1,1,3.0,1,1,4.05,0.6,0.3,84.0
2.3,1,2,1.0,2,3,2.61,1.54,0.47,38.81
9.89,3,1,2.0,1,3,2.61,1.36,0.33,69.39
29.57,3,1,3.0,1,1,4.62,1.11,0.32,39.61
21.65,3,1,3.0,3,1,2.18,1.05,0.18,24.22
44.74,1,1,2.0,2,2,4.67,0.83,0.18,51.82
41.05,4,1,2.0,3,3,2.99,1.5,0.1,31.71
17.75,2,1,4.0,1,1,3.54,1.96,0.2,66.5
13.71,2,1,3.0,1,1,3.54,0.76,0.3,27.87
19.6,1,1,3.0,2,1,4.82,1.4,0.28,63.47
29.92,2,1,1.0,1,1,2.14,1.14,0.28,23.1
14.14,3,1,4.0,1,1,3.06,0.88,0.49,82.16
31.58,4,2,1.0,2,2,4.57,0.88,0.24,91.7
21.06,2,2,3.0,2,1,3.19,1.74,0.28,17.7
28.05,2,1,1.0,2,1,2.6,1.23,0.15,58.8
22.37,3,1,3.0,2,1,3.27,1.32,0.12,13.15
15.43,3,2,3.0,2,1,3.16,0.96,0.41,73.79
47.47,2,2,1.0,1,1,4.75,0.63,0.33,35.41
38.42,2,1,1.0,1,1,4.29,0.63,0.4,65.68
7.87,2,1,2.0,1,1,3.52,1.57,0.16,64.51
43.55,2,1,2.0,1,1,4.97,0.79,0.33,111.3
24.88,1,2,2.0,3,1,3.4,1.54,0.2,68.14
44.83,2,2,3.0,2,3,2.17,1.09,0.19,72.04
40.19,2,1,1.0,2,1,2.79,1.12,0.1,51.19
21.84,3,1,4.0,1,1,3.31,1.2,0.15,114.14
2.1,1,2,3.0,1,1,4.84,1.05,0.22,94.38
14.17,2,2,4.0,1,3,4.84,0.65,0.15,37.82
27.54,2,2,1.0,1,1,4.3,0.96,0.49,102.08
32.04,2,2,3.0,1,1,3.77,1.5,0.22,54.73
13.64,1,1,4.0,2,2,3.77,1.5,0.15,100.3
7.83,2,1,4.0,2,1,4.16,0.93,0.18,99.63
41.91,2,1,2.0,2,1,4.82,1.19,0.34,26.72
49.24,2,1,2.0,2,1,4.64,0.79,0.13,85.63
26.76,2,1,2.0,3,1,3.55,0.82,0.44,38.42
9.41,3,2,3.0,1,1,4.32,0.53,0.48,39.21
14.34,3,1,1.0,1,2,3.69,1.85,0.28,88.44
1.9,1,2,1.0,1,1,3.66,0.82,0.28,88.44
45.8,3,1,2.0,2,2,2.38,0.84,0.11,31.43
6.77,2,2,2.0,3,1,2.38,0.92,0.36,5.1
14.43,1,1,2.0,1,2,3.59,0.69,0.27,87.25
14.43,1,1,4.0,3,1,2.81,1.46,0.21,24.69
28.15,2,1,2.0,3,1,2.06,0.61,0.18,17.02
32.92,3,1,4.0,1,1,4.17,0.7,0.36,32.31
11.11,3,2,1.0,1,3,2.1,1.47,0.27,48.69
11.11,3,2,3.0,2,1,3.79,1.01,0.17,59.73
1.54,2,1,3.0,3,1,3.62,1.56,0.38,10.13
7.71,2,1,3.0,1,1,4.91,0.88,0.33,116.62
45.1,1,1,3.0,2,1,2.19,0.88,0.44,87.35
43.82,2,1,4.0,1,1,2.19,1.48,0.15,42.17
30.27,2,2,4.0,2,1,3.66,0.67,0.41,41.65
30.43,1,2,2.0,2,1,4.52,1.3,0.37,56.58
33.59,1,1,4.0,2,1,4.99,1.16,0.15,77.02
9.59,2,2,2.0,3,1,3.29,0.9,0.38,21.83
45.81,3,1,2.0,3,1,4.72,1.41,0.28,26.73
21.52,4,2,3.0,3,2,4.72,1.81,0.48,103.83
19.77,4,1,4.0,1,1,2.57,2.0,0.16,34.47
26.43,2,2,4.0,2,1,3.85,1.41,0.36,48.72
3.3,2,2,2.0,1,1,3.22,1.11,0.25,105.2
9.15,2,1,2.0,2,3,2.12,0.84,0.48,81.26
37.16,3,2,1.0,2,3,3.04,0.89,0.23,44.3
5.06,1,1,1.0,2,1,2.8,1.22,0.48,83.63
13.02,2,1,2.0,2,1,4.06,1.05,0.46,7.26
13.02,3,1,1.0,3,1,4.85,1.87,0.42,89.6
20.08,2,2,1.0,1,1,2.8,1.05,0.42,98.52
15.15,2,2,2.0,1,1,4.43,1.06,0.5,98.52
18.43,2,2,2.0,1,1,2.17,1.08,0.2,114.78
36.23,1,2,4.0,3,2,3.61,1.48,0.27,109.57
15.56,2,1,2.0,3,2,2.21,1.48,0.22,109.57
28.75,2,2,2.0,3,2,4.8,1.42,0.22,63.9
24.33,1,1,3.0,3,1,4.3,1.0,0.11,46.42
46.9,1,1,4.0,3,1,3.97,1.73,0.19,58.48
46.9,3,1,4.0,3,1,4.47,0.56,0.21,84.34
36.9,1,2,4.0,1,1,3.94,1.81,0.28,106.66
11.53,2,2,3.0,1,2,4.91,1.27,0.17,110.59
2.53,1,1,2.0,2,1,4.14,1.1,0.45,110.59
13.85,4,1,4.0,2,1,4.77,1.25,0.38,98.75
30.16,1,2,4.0,2,1,3.55,1.5,0.13,117.57
3.52,2,1,4.0,1,1,2.35,1.81,0.36,106.23
25.32,3,2,4.0,2,2,3.58,1.81,0.36,37.19
30.25,3,2,2.0,2,1,2.38,1.17,0.48,17.18
17.38,1,1,2.0,1,2,3.78,1.01,0.1,17.91
38.77,3,1,1.0,2,1,3.45,0.71,0.2,38.49
6.22,2,2,4.0,2,1,3.87,1.16,0.47,75.63
4.68,2,2,4.0,2,2,2.03,1.24,0.47,97.5
36.68,1,1,4.0,1,1,2.58,1.11,0.39,108.41
25.28,1,2,3.0,2,3,3.47,1.52,0.14,76.73
34.73,3,1,4.0,1,1,4.85,1.13,0.14,5.65
22.31,2,1,2.0,1,1,3.15,1.94,0.31,26.43
13.07,3,2,2.0,2,1,3.27,1.4,0.19,16.47
41.14,3,2,3.0,2,2,4.14,1.71,0.17,46.78
40.17,3,1,3.0,1,1,3.81,0.66,0.42,62.66
35.04,1,2,4.0,2,2,2.9,1.1,0.15,9.99
14.34,2,1,1.0,2,1,3.23,1.01,0.29,45.07
18.69,1,1,3.0,2,1,2.65,1.35,0.17,25.61
18.69,3,1,3.0,2,1,4.9,1.79,0.17,79.41
5.49,2,2,4.0,2,1,2.39,0.62,0.49,58.39
45.95,4,1,4.0,2,1,3.12,0.61,0.17,61.96
7.7,1,1,3.0,1,2,2.08,1.78,0.17,54.18
47.56,1,1,1.0,1,1,2.67,0.82,0.17,114.94
